"WWTP","Date_Collected","Week","Sample_ID","avg_ct","avg_copies_per_ml","avg_copies_per_MGD","AVG_Flowrate_MGD"
"Fred Hurvey",2020-06-22,2020-06-22,"FH-20-21015",38.96,1067966.66666667,24458296413140.3,6.05
"Haskell",2020-06-22,2020-06-22,"HS-20-21017",41.4384880828857,209833.333333333,10453061380598.7,13.16
"John T. Hickerson",2020-06-22,2020-06-22,"JT-20-21019",38.561,554133.333333333,16550244355721.6,7.89
"Roberto Bustamante",2020-06-22,2020-06-22,"RB-20-21018",39.4199237823485,209833.333333333,10453061380598.7,28.75
"Fred Hurvey",2020-06-23,2020-06-22,"FH-20-21357",38.96,1067966.66666667,24458296413140.3,6.05
"Haskell",2020-06-23,2020-06-22,"HS-20-21358",41.4384880828857,209833.333333333,10453061380598.7,13.16
"John T. Hickerson",2020-06-23,2020-06-22,"JT-20-21360",38.561,554133.333333333,16550244355721.6,7.89
"Roberto Bustamante",2020-06-23,2020-06-22,"RB-20-21359",39.4199237823485,209833.333333333,10453061380598.7,28.75
"Fred Hurvey",2020-06-24,2020-06-22,"FH-20-21361",38.96,1067966.66666667,24458296413140.3,6.05
"Haskell",2020-06-24,2020-06-22,"HS-20-21362",41.4384880828857,209833.333333333,10453061380598.7,13.16
"John T. Hickerson",2020-06-24,2020-06-22,"JT-20-21364",38.561,554133.333333333,16550244355721.6,7.89
"Roberto Bustamante",2020-06-24,2020-06-22,"RB-20-21363",39.6992969512939,209833.333333333,10453061380598.7,28.75
"Fred Hurvey",2020-06-29,2020-06-29,"FH-20-22433",38.96,1067966.66666667,24458296413140.3,6.05
"Haskell",2020-06-29,2020-06-29,"HS-20-22427",41.4384880828857,209833.333333333,10453061380598.7,13.16
"John T. Hickerson",2020-06-29,2020-06-29,"JT-20-22424",38.561,554133.333333333,16550244355721.6,7.89
"Roberto Bustamante",2020-06-29,2020-06-29,"RB-20-22430",39.845,209833.333333333,10453061380598.7,28.75
"Fred Hurvey",2020-06-30,2020-06-29,"FH-20-22434",38.96,1067966.66666667,24458296413140.3,6.05
"Haskell",2020-06-30,2020-06-29,"HS-20-22428",41.4384880828857,209833.333333333,10453061380598.7,13.16
"John T. Hickerson",2020-06-30,2020-06-29,"JT-20-22425",38.561,554133.333333333,16550244355721.6,7.89
"Roberto Bustamante",2020-06-30,2020-06-29,"RB-20-22431",39.4575,209833.333333333,10453061380598.7,28.75
"Fred Hurvey",2020-07-01,2020-06-29,"FH-20-22435",37.823,1067966.66666667,24458296413140.3,6.05
"Haskell",2020-07-01,2020-06-29,"HS-20-22429",41.4384880828857,209833.333333333,10453061380598.7,13.16
"John T. Hickerson",2020-07-01,2020-06-29,"JT-20-22426",38.561,554133.333333333,16550244355721.6,7.89
"Roberto Bustamante",2020-07-01,2020-06-29,"RB-20-22432",38.8275,209833.333333333,10453061380598.7,28.75
"John T. Hickerson",2020-07-09,2020-07-06,"JT-20-24000",38.561,554133.333333333,16550244355721.6,7.89
"Fred Hurvey",2020-07-15,2020-07-13,"FH-20-24433",38.12,1067966.66666667,24458296413140.3,6.05
"Haskell",2020-07-15,2020-07-13,"HS-20-24431",41.4384880828857,209833.333333333,10453061380598.7,13.16
"John T. Hickerson",2020-07-15,2020-07-13,"JT-20-24430",38.561,554133.333333333,16550244355721.6,7.89
"Roberto Bustamante",2020-07-15,2020-07-13,"RB-20-24432",38.8275,209833.333333333,10453061380598.7,28.75
"Fred Hurvey",2020-07-20,2020-07-20,"FH-20-24764",38.5525,1067966.66666667,24458296413140.3,6.05
"Haskell",2020-07-20,2020-07-20,"HS-20-24762",41.4384880828857,209833.333333333,10453061380598.7,13.16
"John T. Hickerson",2020-07-20,2020-07-20,"JT-20-24761",38.0917040710449,554133.333333333,16550244355721.6,7.89
"Roberto Bustamante",2020-07-20,2020-07-20,"RB-20-24763",39.6513774108886,209833.333333333,10453061380598.7,28.75
"Fred Hurvey",2020-07-29,2020-07-27,"FH-20-25910",35.5983009338378,1067966.66666667,24458296413140.3,6.05
"Haskell",2020-07-29,2020-07-27,"HS-20-25912",40.2405338287353,209833.333333333,10453061380598.7,13.16
"John T. Hickerson",2020-07-29,2020-07-27,"JT-20-25913",37.3639678955078,554133.333333333,16550244355721.6,7.89
"Roberto Bustamante",2020-07-29,2020-07-27,"RB-20-25911",38.3727855682372,209833.333333333,10453061380598.7,28.75
"Fred Hurvey",2020-08-05,2020-08-03,"FH-20-26663",35.5983009338378,1067966.66666667,24458296413140.3,6.05
"Haskell",2020-08-05,2020-08-03,"HS-20-26661",41.4779472351074,209833.333333333,10453061380598.7,13.16
"John T. Hickerson",2020-08-05,2020-08-03,"JT-20-26660",35.4310684204101,554133.333333333,16550244355721.6,7.89
"Roberto Bustamante",2020-08-05,2020-08-03,"RB-20-26662",38.3727855682372,209833.333333333,10453061380598.7,28.75
"Fred Hurvey",2020-08-12,2020-08-10,"FH-20-28083",33.6715,1067966.66666667,24458296413140.3,6.05
"Haskell",2020-08-12,2020-08-10,"HS-20-28081",34.0755,209833.333333333,10453061380598.7,13.16
"John T. Hickerson",2020-08-12,2020-08-10,"JT-20-28080",34.715,554133.333333333,16550244355721.6,7.89
"Roberto Bustamante",2020-08-12,2020-08-10,"RB-20-28082",35.69,209833.333333333,10453061380598.7,28.75
"Fred Hurvey",2020-08-19,2020-08-17,"FH-20-28735",35.6125,1067966.66666667,24458296413140.3,6.05
"Haskell",2020-08-19,2020-08-17,"HS-20-28733",37.99,209833.333333333,10453061380598.7,13.16
"John T. Hickerson",2020-08-19,2020-08-17,"JT-20-28732",35.7475,554133.333333333,16550244355721.6,7.89
"Roberto Bustamante",2020-08-19,2020-08-17,"RB-20-28734",37.235,209833.333333333,10453061380598.7,28.75
"Fred Hurvey",2020-08-26,2020-08-24,"FH-20-29523",34.51,1067966.66666667,24458296413140.3,6.05
"Haskell",2020-08-26,2020-08-24,"HS-20-29521",36.996,209833.333333333,10453061380598.7,13.16
"John T. Hickerson",2020-08-26,2020-08-24,"JT-20-29520",33.8755,554133.333333333,16550244355721.6,7.89
"Roberto Bustamante",2020-08-26,2020-08-24,"RB-20-29522",33.8475,209833.333333333,10453061380598.7,28.75
"Fred Hurvey",2020-09-02,2020-08-31,"FH-20-30867",33.213,1067966.66666667,24458296413140.3,6.05
"Haskell",2020-09-02,2020-08-31,"HS-20-30868",34.888,209833.333333333,10453061380598.7,13.16
"John T. Hickerson",2020-09-02,2020-08-31,"JT-20-30870",35.46,554133.333333333,16550244355721.6,7.89
"Roberto Bustamante",2020-09-02,2020-08-31,"RB-20-30869",35.364,209833.333333333,10453061380598.7,28.75
"Fred Hurvey",2020-09-09,2020-09-07,"FH-20-31543",31.8535,1067966.66666667,24458296413140.3,6.05
"Haskell",2020-09-09,2020-09-07,"HS-20-31541",36.093,209833.333333333,10453061380598.7,13.16
"John T. Hickerson",2020-09-09,2020-09-07,"JT-20-31540",33.217,554133.333333333,16550244355721.6,7.89
"Roberto Bustamante",2020-09-09,2020-09-07,"RB-20-31542",31.892,209833.333333333,10453061380598.7,28.75
"Fred Hurvey",2020-09-16,2020-09-14,"FH-20-32147",32.636,1067966.66666667,24458296413140.3,6.05
"Haskell",2020-09-16,2020-09-14,"HS-20-32145",33.5675,209833.333333333,10453061380598.7,13.16
"John T. Hickerson",2020-09-16,2020-09-14,"JT-20-32144",33.3435,554133.333333333,16550244355721.6,7.89
"Roberto Bustamante",2020-09-16,2020-09-14,"RB-20-32146",30.1215,209833.333333333,10453061380598.7,28.75
"Fred Hurvey",2020-09-23,2020-09-21,"FH-20-32841",32.3655,1067966.66666667,24458296413140.3,6.05
"Haskell",2020-09-23,2020-09-21,"HS-20-32839",33.5675,209833.333333333,10453061380598.7,13.16
"John T. Hickerson",2020-09-23,2020-09-21,"JT-20-32838",33.145,554133.333333333,16550244355721.6,7.89
"Roberto Bustamante",2020-09-23,2020-09-21,"RB-20-32840",31.745,209833.333333333,10453061380598.7,28.75
"Fred Hurvey",2020-09-30,2020-09-28,"FH-20-33364",30.8465,1067966.66666667,24458296413140.3,6.05
"Haskell",2020-09-30,2020-09-28,"HS-20-33362",32.1625,209833.333333333,10453061380598.7,13.16
"John T. Hickerson",2020-09-30,2020-09-28,"JT-20-33361",33.378,554133.333333333,16550244355721.6,7.89
"Roberto Bustamante",2020-09-30,2020-09-28,"RB-20-33363",33.4525,209833.333333333,10453061380598.7,28.75
"Fred Hurvey",2020-10-07,2020-10-05,"FH-20-33991",32.856,1067966.66666667,24458296413140.3,6.05
"Haskell",2020-10-07,2020-10-05,"HS-20-33989",33.25,209833.333333333,10453061380598.7,13.16
"John T. Hickerson",2020-10-07,2020-10-05,"JT-20-33988",33.417,554133.333333333,16550244355721.6,7.89
"Roberto Bustamante",2020-10-07,2020-10-05,"RB-20-33990",32.185,209833.333333333,10453061380598.7,28.75
"Fred Hurvey",2020-10-14,2020-10-12,"FH-20-34871",33.615,1067966.66666667,24458296413140.3,6.05
"Haskell",2020-10-14,2020-10-12,"HS-20-34869",31.76725,209833.333333333,10453061380598.7,13.16
"John T. Hickerson",2020-10-14,2020-10-12,"JT-20-34868",33.77475,554133.333333333,16550244355721.6,7.89
"Roberto Bustamante",2020-10-14,2020-10-12,"RB-20-34870",34.21975,209833.333333333,10453061380598.7,28.75
"Fred Hurvey",2020-10-21,2020-10-19,"FH-20-35528",33.36575,1067966.66666667,24458296413140.3,6.05
"Haskell",2020-10-21,2020-10-19,"HS-20-35526",33.69125,209833.333333333,10453061380598.7,13.16
"John T. Hickerson",2020-10-21,2020-10-19,"JT-20-35525",36.02625,554133.333333333,16550244355721.6,7.89
"Roberto Bustamante",2020-10-21,2020-10-19,"RB-20-35527",33.31975,209833.333333333,10453061380598.7,28.75
"Fred Hurvey",2020-10-28,2020-10-26,"FH-20-36325",31.81125,1067966.66666667,24458296413140.3,6.05
"Haskell",2020-10-28,2020-10-26,"HS-20-36323",34.7755,209833.333333333,10453061380598.7,13.16
"John T. Hickerson",2020-10-28,2020-10-26,"JT-20-36322",36.66175,554133.333333333,16550244355721.6,7.89
"Roberto Bustamante",2020-10-28,2020-10-26,"RB-20-36324",35.67275,209833.333333333,10453061380598.7,28.75
"Fred Hurvey",2020-11-04,2020-11-02,"FH-20-37047",34.03725,1067966.66666667,24458296413140.3,6.05
"Haskell",2020-11-04,2020-11-02,"HS-20-37045",34.90825,209833.333333333,10453061380598.7,13.16
"John T. Hickerson",2020-11-04,2020-11-02,"JT-20-37044",33.6985,554133.333333333,16550244355721.6,7.89
"Roberto Bustamante",2020-11-04,2020-11-02,"RB-20-37046",38.51125,209833.333333333,10453061380598.7,28.75
"Fred Hurvey",2020-11-18,2020-11-16,"FH-11-18-20",30.35,1067966.66666667,24458296413140.3,6.05
"Haskell",2020-11-18,2020-11-16,"HS-11-18-20",32.55,209833.333333333,10453061380598.7,13.16
"John T. Hickerson",2020-11-18,2020-11-16,"JT-11-18-20",31.3,554133.333333333,16550244355721.6,7.89
"Roberto Bustamante",2020-11-18,2020-11-16,"HS-11-18-20",32.55,209833.333333333,10453061380598.7,28.75
"Fred Hurvey",2020-11-23,2020-11-23,"FH-11-23-20",31.2,552400,12650921943836,6.05
"Haskell",2020-11-23,2020-11-23,"HS-11-23-20",32.6,195400,9734050168875.2,13.16
"John T. Hickerson",2020-11-23,2020-11-23,"JT-11-23-20",31.1,699533.333333333,20892891485152.4,7.89
"Roberto Bustamante",2020-11-23,2020-11-23,"HS-11-23-20",32.6,195400,9734050168875.2,28.75
"Fred Hurvey",2020-12-02,2020-11-30,"FH-12-02-20",31.65,377233.333333333,8639300243687.67,6.05
"Haskell",2020-12-02,2020-11-30,"HS-12-02-20",32.05,283733.333333333,14134465205981.9,13.16
"John T. Hickerson",2020-12-02,2020-11-30,"JT-12-02-20",32.4,239133.333333333,7142171138591.6,7.89
"Roberto Bustamante",2020-12-02,2020-11-30,"HS-12-02-20",32.05,283733.333333333,14134465205981.9,28.75
"Fred Hurvey",2020-12-09,2020-12-07,"FH-12-09-20",31.55,469633.333333333,10755421148123.7,6.05
"Haskell",2020-12-09,2020-12-07,"HS-12-09-20",32.2,254533.333333333,12679837442772.3,13.16
"John T. Hickerson",2020-12-09,2020-12-07,"JT-12-09-20",32.2,254000,7586192371908,7.89
"Roberto Bustamante",2020-12-09,2020-12-07,"HS-12-09-20",32.2,254533.333333333,12679837442772.3,28.75
"Haskell",2020-12-16,2020-12-14,"HS-12-16-20",33.7,83266.6666666667,4148013872714.13,13.16
"John T. Hickerson",2020-12-16,2020-12-14,"JT-12-16-20",31.8,375400,11212033922890.8,7.89
"Roberto Bustamante",2020-12-16,2020-12-14,"HS-12-16-20",33.7,83266.6666666667,4148013872714.13,28.75
"Fred Hurvey",2021-01-06,2021-01-04,"FH-01-06-21",30.85,690733.333333333,15818996169452.7,6.05
"Haskell",2021-01-06,2021-01-04,"HS-01-06-21",33.8,130133.333333333,6482724643345.07,13.16
"John T. Hickerson",2021-01-06,2021-01-04,"JT-01-06-21",32.05,306533.333333333,9155200138066.4,7.89
"Roberto Bustamante",2021-01-06,2021-01-04,"HS-01-06-21",33.8,130133.333333333,6482724643345.07,28.75
"Fred Hurvey",2021-01-13,2021-01-11,"FH-01-13-21",31.2,583333.333333333,13359349144166.7,6.05
"Haskell",2021-01-13,2021-01-11,"HS-01-13-21",31.5,426466.666666667,21244871692355.7,13.16
"John T. Hickerson",2021-01-13,2021-01-11,"JT-01-13-21",30.95,656600,19610605950373.2,7.89
"Roberto Bustamante",2021-01-13,2021-01-11,"HS-01-13-21",31.5,426466.666666667,21244871692355.7,28.75
"Fred Hurvey",2021-01-21,2021-01-18,"FH-01-21-21",30.6,846466.666666667,19385560695255.3,6.05
"Haskell",2021-01-21,2021-01-18,"HS-01-21-21",31.85,353200,17595018012521.6,13.16
"John T. Hickerson",2021-01-21,2021-01-18,"JT-01-21-21",31.3,485633.333333333,14504361767234.6,7.89
"Roberto Bustamante",2021-01-21,2021-01-18,"HS-01-21-21",31.85,353200,17595018012521.6,28.75
"Fred Hurvey",2021-01-27,2021-01-25,"FH-01-27-21",31.15,625366.666666667,14321985673926.3,6.05
"Haskell",2021-01-27,2021-01-25,"HS-01-27-21",32.75,253766.666666667,12641645161318.1,13.16
"John T. Hickerson",2021-01-27,2021-01-25,"JT-01-27-21",32.1,281433.333333333,8405540970606.2,7.89
"Roberto Bustamante",2021-01-27,2021-01-25,"HS-01-27-21",32.75,253766.666666667,12641645161318.1,28.75
"Fred Hurvey",2021-02-10,2021-02-08,"FH-02-10-21",34.9,62733.3333333334,1436702576532.67,6.05
"Haskell",2021-02-10,2021-02-08,"HS-02-10-21",35.3,57466.6666666667,2862760575083.73,13.16
"Roberto Bustamante",2021-02-10,2021-02-08,"HS-02-10-21",35.3,57466.6666666667,2862760575083.73,28.75
"Fred Hurvey",2021-02-24,2021-02-22,"FH-02-24-21",35.4,32366.6666666667,741253029656.333,6.05
"Haskell",2021-02-24,2021-02-22,"HS-02-24-21",35.6,42300,2107217615882.4,13.16
"John T. Hickerson",2021-02-24,2021-02-22,"JT-02-24-21",34.7,62066.6666666666,1853738870930.8,7.89
"Roberto Bustamante",2021-02-24,2021-02-22,"HS-02-24-21",35.6,42300,2107217615882.4,28.75
"Fred Hurvey",2021-03-03,2021-03-01,"FH-03-03-21",32.8,168566.666666667,3860470206974.33,6.05
"Haskell",2021-03-03,2021-03-01,"HS-03-03-21",33.8,136566.666666667,6803207700764.53,13.16
"Roberto Bustamante",2021-03-03,2021-03-01,"HS-03-03-21",33.8,136566.666666667,6803207700764.53,28.75
"Fred Hurvey",2021-03-17,2021-03-15,"FH-03-17-21",35.4,44366.6666666667,1016073926336.33,6.05
"Haskell",2021-03-17,2021-03-15,"HS-03-17-21",34.95,40500,2017548781164,13.16
"John T. Hickerson",2021-03-17,2021-03-15,"JT-03-17-21",34.25,73500,2195217083997,7.89
"Roberto Bustamante",2021-03-17,2021-03-15,"HS-03-17-21",34.95,40500,2017548781164,28.75
"Fred Hurvey",2021-03-24,2021-03-22,"FH-03-24-21",33.9,73666.6666666667,1687094949063.33,6.05
"John T. Hickerson",2021-03-24,2021-03-22,"JT-03-24-21",34.8,49200,1469451435818.4,7.89
"Fred Hurvey",2021-04-07,2021-04-05,"FH-21-09664",35.05,52933.3333333333,1212265510910.67,6.05
"Haskell",2021-04-07,2021-04-05,"HS-21-09666",34.1,80800,4025134358470.4,13.16
"John T. Hickerson",2021-04-07,2021-04-05,"JT-21-09667",36.75,25100,749659167460.2,7.89
"Roberto Bustamante",2021-04-07,2021-04-05,"RB-21-09665",35.1,59933.3333333333,6522579982383.33,28.75
"Fred Hurvey",2021-04-14,2021-04-12,"FH-21-09664",34.8,62533.3333333334,1387146488854.93,5.86
"Haskell",2021-04-14,2021-04-12,"HS-21-09666",35.75,30533.3333333333,1532607246289.6,13.26
"John T. Hickerson",2021-04-14,2021-04-12,"JT-21-09667",37.05,12066.6666666667,299186330632.667,6.55
"Roberto Bustamante",2021-04-14,2021-04-12,"RB-21-09665",35.35,45033.3333333333,4450964164479.93,26.11
"Fred Hurvey",2021-04-21,2021-04-19,"FH-21-11442",38.2,4366.66666666667,97194233376.8,5.88
"Haskell",2021-04-21,2021-04-19,"HS-21-11444",34.65,63333.3333333334,3044732891133.33,12.7
"John T. Hickerson",2021-04-21,2021-04-19,"JT-21-11445",37.2,7333.33333333333,196260983790.667,7.07
"Roberto Bustamante",2021-04-21,2021-04-19,"RB-21-11443",35.15,47033.3333333333,4540033642330,25.5
"Fred Hurvey",2021-04-28,2021-04-26,"FH-21-11719",33.7,108066.666666667,2266285666934.13,5.54
"Haskell",2021-04-28,2021-04-26,"HS-21-11721",34.35,59366.6666666667,3188880110673.4,14.19
"John T. Hickerson",2021-04-28,2021-04-26,"JT-21-11722",37.7,7800,184834087370.4,6.26
"Roberto Bustamante",2021-04-28,2021-04-26,"RB-21-11720",34.45,59933.3333333333,6005311030736.93,26.47
"Fred Hurvey",2021-05-05,2021-05-03,"FH-21-12554",37.35,10866.6666666667,231177622233.867,5.62
"Haskell",2021-05-05,2021-05-03,"HS-21-12556",35,49966.6666666667,2939304125287.6,15.54
"John T. Hickerson",2021-05-05,2021-05-03,"JT-21-12557",37.05,23800,591008773510.4,6.56
"Roberto Bustamante",2021-05-05,2021-05-03,"RB-21-12555",34.5,54666.6666666667,5260309181594.67,25.42
"Fred Hurvey",2021-05-12,2021-05-10,"FH-21-13346",35.4,32366.6666666667,699595834601.267,5.71
"Haskell",2021-05-12,2021-05-10,"HS-21-13347",33.1,125433.333333333,5061547302408.13,10.66
"John T. Hickerson",2021-05-12,2021-05-10,"JT-21-13345",36.7,14666.6666666667,582398223469.333,10.49
"Roberto Bustamante",2021-05-12,2021-05-10,"RB-21-13348",33.95,70200,7206757834723.2,27.12
"Fred Hurvey",2021-05-19,2021-05-17,"FH-21-13900",36.15,13366.6666666667,293686127287.267,5.86
"Haskell",2021-05-19,2021-05-17,"HS-21-13901",35.85,42966.6666666667,1741944304241.4,10.71
"John T. Hickerson",2021-05-19,2021-05-17,"JT-21-13899",39.2,1800,67160776155.6,7.07
"Roberto Bustamante",2021-05-19,2021-05-17,"RB-21-13902",37.1,13800,1385369868916.8,26.52
"Fred Hurvey",2021-05-26,2021-05-24,"FH-21-14684",37.4,13500,299463927498,5.86
"Haskell",2021-05-26,2021-05-24,"HS-21-14686",34.95,60500,2452776502869,10.71
"John T. Hickerson",2021-05-26,2021-05-24,"JT-21-14687",37.15,18766.6666666667,502249699427.933,7.07
"Roberto Bustamante",2021-05-26,2021-05-24,"RB-21-14685",35.65,33466.6666666667,3359689247324.8,26.52
"Fred Hurvey",2021-06-02,2021-05-31,"FH-21-14684",36,16466.6666666667,365272049837.067,5.86
"Haskell",2021-06-02,2021-05-31,"HS-21-14686",33,133100,5396108306311.8,10.71
"John T. Hickerson",2021-06-02,2021-05-31,"JT-21-14687",38.4,2933.33333333333,78504393516.2667,7.07
"Roberto Bustamante",2021-06-02,2021-05-31,"RB-21-14685",36.15,13433.3333333333,1348560524573.6,26.52
"Fred Hurvey",2021-06-09,2021-06-07,"FH-21-16073",38.05,566.666666666667,12570090783.8667,5.86
"Haskell",2021-06-09,2021-06-07,"HS-21-16074",36.4,15366.6666666667,622991717808.6,10.71
"John T. Hickerson",2021-06-09,2021-06-07,"JT-21-16072",37.7,4733.33333333333,126677544083.067,7.07
"Roberto Bustamante",2021-06-09,2021-06-07,"RB-21-16075",38.5,2633.33333333333,264358018464.8,26.52
"Fred Hurvey",2021-06-16,2021-06-14,"FH-21-17329",36,23666.6666666667,524986144502.667,5.86
"Haskell",2021-06-16,2021-06-14,"HS-21-17330",38.05,6666.66666666667,270278402520,10.71
"John T. Hickerson",2021-06-16,2021-06-14,"JT-21-17328",36,19666.6666666667,526336274711.333,7.07
"Roberto Bustamante",2021-06-16,2021-06-14,"RB-21-17331",37.1,12766.6666666667,1281634443949.6,26.52
"Fred Hurvey",2021-06-25,2021-06-21,"FH-21-18168",36.3,13966.6666666667,309815766967.067,5.86
"Haskell",2021-06-25,2021-06-21,"HS-21-18169",34.55,65166.6666666667,2641971384633,10.71
"John T. Hickerson",2021-06-25,2021-06-21,"JT-21-18167",36.15,14433.3333333333,386277299915.267,7.07
"Roberto Bustamante",2021-06-25,2021-06-21,"RB-21-18170",36.5,10266.6666666667,1030661641609.6,26.52
"Fred Hurvey",2021-06-30,2021-06-28,"FH-21-18800",35.95,15433.3333333333,342350119584.133,5.86
"Haskell",2021-06-30,2021-06-28,"HS-21-18801",35.65,20000,810835207560,10.71
"John T. Hickerson",2021-06-30,2021-06-28,"JT-21-18799",36.85,14700,393414062962.2,7.07
"Roberto Bustamante",2021-06-30,2021-06-28,"RB-21-18802",35,30266.6666666667,3038444060329.6,26.52
"Fred Hurvey",2021-07-07,2021-07-05,"FH-21-19050",37,10833.3333333333,240310559103.333,5.86
"Haskell",2021-07-07,2021-07-05,"HS-21-19051",36.45,16233.3333333333,658127910136.2,10.71
"John T. Hickerson",2021-07-07,2021-07-05,"JT-21-19049",36.4,13333.3333333333,356838152346.667,7.07
"Roberto Bustamante",2021-07-07,2021-07-05,"RB-21-19052",37.35,9000,903502088424,26.52
"Fred Hurvey",2021-07-14,2021-07-12,"FH-21-20171",35,43133.3333333333,956805733783.733,5.86
"Haskell",2021-07-14,2021-07-12,"HS-21-20172",34.85,40933.3333333333,1659509391472.8,10.71
"John T. Hickerson",2021-07-14,2021-07-12,"JT-21-20170",36.75,9600,256923469689.6,7.07
"Roberto Bustamante",2021-07-14,2021-07-12,"RB-21-20173",34.5,50566.6666666667,5076343215330.4,26.52
"Fred Hurvey",2021-07-21,2021-07-19,"FH-21-21277",33.5,106166.666666667,2355043479212.67,5.86
"Haskell",2021-07-21,2021-07-19,"HS-21-21278",35.55,21066.6666666667,854079751963.2,10.71
"John T. Hickerson",2021-07-21,2021-07-19,"JT-21-21276",34.35,66766.6666666667,1786867047875.93,7.07
"Roberto Bustamante",2021-07-21,2021-07-19,"RB-21-21279",33.45,100100,10048951005693.6,26.52
"Fred Hurvey",2021-07-28,2021-07-26,"FH-21-22147",34.95,87766.6666666667,1946885237289.47,5.86
"Haskell",2021-07-28,2021-07-26,"HS-21-22148",34.8,54666.6666666667,2216282900664,10.71
"John T. Hickerson",2021-07-28,2021-07-26,"JT-21-22146",35.45,25900,693158110933.4,7.07
"Roberto Bustamante",2021-07-28,2021-07-26,"RB-21-22149",34.15,84266.6666666667,8459456590873.6,26.52
"Fred Hurvey",2021-08-04,2021-08-02,"FH-21-22147",34.6,50833.3333333333,1127611085023.33,5.86
"Haskell",2021-08-04,2021-08-02,"HS-21-22148",34.1,65600,2659539480796.8,10.71
"John T. Hickerson",2021-08-04,2021-08-02,"JT-21-22146",34.8,37600,1006283589617.6,7.07
"Roberto Bustamante",2021-08-04,2021-08-02,"RB-21-22149",33.55,92700,9306071510767.2,26.52
"Fred Hurvey",2021-08-13,2021-08-09,"FH-21-23296",33.45,98400,2182759293763.2,5.86
"Haskell",2021-08-13,2021-08-09,"HS-21-23298",33.85,79966.6666666667,3241989438227.4,10.71
"John T. Hickerson",2021-08-13,2021-08-09,"JT-21-23299",33.8,78100,2090179477370.6,7.07
"Roberto Bustamante",2021-08-13,2021-08-09,"RB-21-23297",32.65,176066.666666667,17675177892798.4,26.52
"Fred Hurvey",2021-08-25,2021-08-23,"FH-21-25118",35.2,38566.6666666667,855505590407.867,5.86
"Haskell",2021-08-25,2021-08-23,"HS-21-25119",34.3,62933.3333333333,2551428119788.8,10.71
"John T. Hickerson",2021-08-25,2021-08-23,"JT-21-25117",35.75,22066.6666666667,590567142133.733,7.07
"Roberto Bustamante",2021-08-25,2021-08-23,"RB-21-25120",33.95,80333.3333333333,8064592715192,26.52
"Fred Hurvey",2021-09-01,2021-08-30,"FH-21-26020",34.15,71500,1586049690082,5.86
"Haskell",2021-09-01,2021-08-30,"HS-21-26021",35.4,28800,1167602698886.4,10.71
"Roberto Bustamante",2021-09-01,2021-08-30,"RB-21-26022",35,34400,3453385760198.4,26.52
"Fred Hurvey",2021-09-08,2021-09-06,"FH-21-26512",34.65,40133.3333333333,890258194339.733,5.86
"Haskell",2021-09-08,2021-09-06,"HS-21-26513",34.6,48266.6666666667,1956815634244.8,10.71
"Roberto Bustamante",2021-09-08,2021-09-06,"RB-21-26514",36.55,13433.3333333333,1348560524573.6,26.52
"Fred Hurvey",2021-09-15,2021-09-13,"FH-21-27186",33.75,88966.6666666667,1973504253067.07,5.86
"Haskell",2021-09-15,2021-09-13,"HS-21-27187",34.35,49700,2014925490786.6,10.71
"Roberto Bustamante",2021-09-15,2021-09-13,"RB-21-27188",33.95,72700,7298289092047.2,26.52
"Fred Hurvey",2021-09-22,2021-09-20,"FH-21-28404",34.25,76800,1703617009766.4,5.86
"Haskell",2021-09-22,2021-09-20,"HS-21-28405",33.9,80766.6666666667,3274422846529.8,10.71
"John T. Hickerson",2021-09-22,2021-09-20,"JT-21-28403",35.05,33800,904584716198.8,7.07
"Roberto Bustamante",2021-09-22,2021-09-20,"RB-21-28406",33.5,101900,10229651423378.4,26.52
"Fred Hurvey",2021-09-29,2021-09-27,"FH-21-28404",32.9,169833.333333333,3767330149635.33,5.86
"Haskell",2021-09-29,2021-09-27,"HS-21-28405",35.5,25566.6666666667,1036517673664.2,10.71
"John T. Hickerson",2021-09-29,2021-09-27,"JT-21-28403",36.15,26100,698510683218.6,7.07
"Roberto Bustamante",2021-09-29,2021-09-27,"RB-21-28406",35.3,34266.6666666667,3440000544073.6,26.52
"Fred Hurvey",2021-10-06,2021-10-04,"FH-21-29675",34.8,38633.3333333333,856984424617.733,5.86
"Haskell",2021-10-06,2021-10-04,"HS-21-29676",33.9,76600,3105498844954.8,10.71
"John T. Hickerson",2021-10-06,2021-10-04,"JT-21-29674",32.65,187633.333333333,5021604898898.47,7.07
"Roberto Bustamante",2021-10-06,2021-10-04,"RB-21-29677",33,154733.333333333,15533543312830.4,26.52
"Fred Hurvey",2021-10-20,2021-10-18,"FH-21-31194",32.3,250466.666666667,5555980126469.07,5.86
"Haskell",2021-10-20,2021-10-18,"HS-21-31195",32.95,153166.666666667,6209646297897,10.71
"John T. Hickerson",2021-10-20,2021-10-18,"JT-21-31193",37.6,6466.66666666667,173066503888.133,7.07
"Roberto Bustamante",2021-10-20,2021-10-18,"RB-21-31196",32.4,224633.333333333,22550742866256.8,26.52
"Fred Hurvey",2021-10-27,2021-10-25,"FH-21-31745",31.75,357633.333333333,7933206118829.73,5.86
"Haskell",2021-10-27,2021-10-25,"HS-21-31746",32.85,179033.333333333,7258326499674.6,10.71
"John T. Hickerson",2021-10-27,2021-10-25,"JT-21-31744",28.5,3980400,106526893620050,7.07
"Roberto Bustamante",2021-10-27,2021-10-25,"RB-21-31747",32.35,237000,23792221661832,26.52
"Fred Hurvey",2021-11-03,2021-11-01,"FH-21-32477",31.8,513733.333333333,11395896421232.5,5.86
"Haskell",2021-11-03,2021-11-01,"HS-21-32478",32.05,269766.666666667,10936815557971.8,10.71
"John T. Hickerson",2021-11-03,2021-11-01,"JT-21-32476",33.35,107600,2879683889437.6,7.07
"Roberto Bustamante",2021-11-03,2021-11-01,"RB-21-32479",32.65,200166.666666667,20094555707356,26.52
"Fred Hurvey",2021-11-09,2021-11-08,"FH-21-34777",31.4,460866.666666667,10223180892808.3,5.86
"John T. Hickerson",2021-11-09,2021-11-08,"JT-21-34776",39.95,6566.66666666667,175742790030.733,7.07
"Roberto Bustamante",2021-11-09,2021-11-08,"RB-21-34778",32.25,261866.666666667,26288564469107.2,26.52
"Fred Hurvey",2021-11-16,2021-11-15,"FH-21-33993",32.2,283066.666666667,6279130055093.87,5.86
"Haskell",2021-11-16,2021-11-15,"HS-21-33994",31.35,471233.333333333,19104628882126.2,10.71
"John T. Hickerson",2021-11-16,2021-11-15,"JT-21-33992",31,643200,17213872469203.2,7.07
"Roberto Bustamante",2021-11-16,2021-11-15,"RB-21-33995",30.65,774000,77701179604464,26.52
"Fred Hurvey",2021-12-01,2021-11-29,"FH-21-35104",31.05,635600,14099205356868.8,5.86
"Haskell",2021-12-01,2021-11-29,"HS-21-35105",30.65,832200,33738852986571.6,10.71
"John T. Hickerson",2021-12-01,2021-11-29,"JT-21-35103",36.75,18433.3333333333,493328745619.267,7.07
"Roberto Bustamante",2021-12-01,2021-11-29,"RB-21-35106",32.2,252833.333333333,25381716076652,26.52
"Fred Hurvey",2021-12-08,2021-12-06,"FH-21-35716",31.5,563700,12504282661527.6,5.86
"Haskell",2021-12-08,2021-12-06,"HS-21-35717",32.6,238200,9657047322039.6,10.71
"John T. Hickerson",2021-12-08,2021-12-06,"JT-21-35715",35.3,28833.3333333333,771662504449.667,7.07
"Roberto Bustamante",2021-12-08,2021-12-06,"RB-21-35718",32.2,256966.666666667,25796657776520.8,26.52
"Fred Hurvey",2021-12-22,2021-12-20,"FH-21-37270",31.65,801133.333333333,17771150699967.7,5.86
"Haskell",2021-12-22,2021-12-20,"HS-21-37271",32.35,426100,17274844097065.8,10.71
"John T. Hickerson",2021-12-22,2021-12-20,"JT-21-37269",32.05,516933.333333333,13834615166480.3,7.07
"Roberto Bustamante",2021-12-22,2021-12-20,"RB-21-37272",31.65,635000,63747091794360,26.52
"Fred Hurvey",2021-12-29,2021-12-27,"FH-21-37776",31.95,584133.333333333,12957545346851.7,5.86
"Haskell",2021-12-29,2021-12-27,"HS-21-37777",30.95,1148433.33333333,46559509010107.8,10.71
"John T. Hickerson",2021-12-29,2021-12-27,"JT-21-37775",33.8,125400,3356062822820.4,7.07
"Roberto Bustamante",2021-12-29,2021-12-27,"RB-21-37778",31.5,928666.666666667,93228030309232,26.52
"Fred Hurvey",2022-01-05,2022-01-03,"FH-22-00668",29.4,1849133.33333333,41018424479071.7,5.86
"Haskell",2022-01-05,2022-01-03,"HS-22-00665",29.95,1268100,51411006335341.8,10.71
"John T. Hickerson",2022-01-05,2022-01-03,"JT-22-00667",29.4,1941733.33333333,51966340126245.1,7.07
"Roberto Bustamante",2022-01-05,2022-01-03,"RB-22-00666",31.5,1100300,110458149765881,26.52
"Fred Hurvey",2022-01-13,2022-01-10,"FH-22-01310",29.65,1495433.33333333,33172469578624.1,5.86
"John T. Hickerson",2022-01-13,2022-01-10,"JT-22-01309",29.6,1578466.66666667,42244284665560.1,7.07
"Roberto Bustamante",2022-01-13,2022-01-10,"RB-22-01311",29.45,1754933.33333333,176176214634618,26.52
"Fred Hurvey",2022-01-19,2022-01-17,"FH-22-01939",32.55,186766.666666667,4142954038941.47,5.86
"Haskell",2022-01-19,2022-01-17,"HS-22-01940",29.5,1683300,68243945244287.4,10.71
"John T. Hickerson",2022-01-19,2022-01-17,"JT-22-01938",32.3,219166.666666667,5865527129198.33,7.07
"Roberto Bustamante",2022-01-19,2022-01-17,"RB-22-01941",30.05,1102766.66666667,110705776264190,26.52
"Fred Hurvey",2022-01-26,2022-01-24,"FH-22-02316",30.8,656000,14551728625088,5.86
"Haskell",2022-01-26,2022-01-24,"HS-22-02317",30.85,655766.666666667,26585935063879.8,10.71
"John T. Hickerson",2022-01-26,2022-01-24,"JT-22-02315",31.5,412866.666666667,11049493387414.5,7.07
"Roberto Bustamante",2022-01-26,2022-01-24,"RB-22-02318",29.7,1442066.66666667,144767804997774,26.52
"Fred Hurvey",2022-02-02,2022-01-31,"FH-22-02999",32,235200,5217327092409.6,5.86
"Haskell",2022-02-02,2022-01-31,"HS-22-03000",31.35,391833.333333333,15885613108113,10.71
"John T. Hickerson",2022-02-02,2022-01-31,"JT-22-02998",32.65,148033.333333333,3961795586428.87,7.07
"Roberto Bustamante",2022-02-02,2022-01-31,"RB-22-03001",31.35,391066.666666667,39258838894038.4,26.52
"Fred Hurvey",2022-02-09,2022-02-07,"FH-22-03533",34.1,48666.6666666667,1079548973202.67,5.86
"Haskell",2022-02-09,2022-02-07,"HS-22-03534",32.3,187200,7589417542761.6,10.71
"John T. Hickerson",2022-02-09,2022-02-07,"JT-22-03532",33.05,116533.333333333,3118765451509.87,7.07
"Roberto Bustamante",2022-02-09,2022-02-07,"RB-22-03531",31.1,440733.333333333,44244831900526.4,26.52
"Fred Hurvey",2022-02-16,2022-02-14,"FH-22-04127",33.8,86366.6666666667,1915829718882.27,5.86
"Haskell",2022-02-16,2022-02-14,"HS-22-04128",33.4,98266.6666666667,3983903653144.8,10.71
"John T. Hickerson",2022-02-16,2022-02-14,"JT-22-04126",36.35,11466.6666666667,306880811018.133,7.07
"Roberto Bustamante",2022-02-16,2022-02-14,"RB-22-04129",36.9,8066.66666666667,809805575550.4,26.52
"Fred Hurvey",2022-02-23,2022-02-21,"FH-22-04127",37.25,8400,186333110443.2,5.86
"Haskell",2022-02-23,2022-02-21,"HS-22-04128",34.7,46066.6666666667,1867623761413.2,10.71
"John T. Hickerson",2022-02-23,2022-02-21,"JT-22-04126",36.15,13466.6666666667,360406533870.133,7.07
"Roberto Bustamante",2022-02-23,2022-02-21,"RB-22-04129",36.65,9933.33333333334,997198601297.6,26.52
"Fred Hurvey",2022-03-02,2022-02-28,"FH-22-06047",36.9,7666.66666666667,170065934134.667,5.86
"Haskell",2022-03-02,2022-02-28,"HS-22-06048",35.6,19833.3333333333,804078247497,10.71
"John T. Hickerson",2022-03-02,2022-02-28,"JT-22-06046",37.85,5533.33333333333,148087833223.867,7.07
"Roberto Bustamante",2022-03-02,2022-02-28,"RB-22-06049",39.1,1633.33333333333,163968897528.8,26.52
"Fred Hurvey",2022-03-09,2022-03-07,"FH-22-06991",35.3,24700,547908074755.6,5.86
"Haskell",2022-03-09,2022-03-07,"HS-22-06992",37,13466.6666666667,545962373090.4,10.71
"John T. Hickerson",2022-03-09,2022-03-07,"JT-22-06990",37.65,5000,133814307130,7.07
"Roberto Bustamante",2022-03-09,2022-03-07,"RB-22-06993",36.7,8966.66666666667,900155784392.8,26.52
"Fred Hurvey",2022-03-16,2022-03-14,"FH-22-07746",35.55,21166.6666666667,469529861632.667,5.86
"Haskell",2022-03-16,2022-03-14,"HS-22-07747",38.05,4933.33333333333,200006017864.8,10.71
"John T. Hickerson",2022-03-16,2022-03-14,"JT-22-07745",37.15,7266.66666666667,230160608263.6,7.07
"Roberto Bustamante",2022-03-16,2022-03-14,"RB-22-07748",38.15,4600,461789956305.6,26.52
"Fred Hurvey",2022-03-23,2022-03-21,"FH-22-08768",36.75,8433.33333333333,187072527548.133,5.86
"Haskell",2022-03-23,2022-03-21,"HS-22-08769",36.45,11466.6666666667,464878852334.4,10.71
"John T. Hickerson",2022-03-23,2022-03-21,"JT-22-08767",37.35,12233.3333333333,327399004778.067,7.07
"Roberto Bustamante",2022-03-23,2022-03-21,"RB-22-08766",37.95,3733.33333333333,374786051494.4,26.52
"Fred Hurvey",2022-03-30,2022-03-28,"FH-22-09852",36.65,10800,239571141998.4,5.86
"Haskell",2022-03-30,2022-03-28,"HS-22-09853",38.75,2366.66666666667,95948832894.6,10.71
"John T. Hickerson",2022-03-30,2022-03-28,"JT-22-09851",37.15,7266.66666666667,194476793028.933,7.07
"Roberto Bustamante",2022-03-30,2022-03-28,"RB-22-09854",38.6,2633.33333333333,264358018464.8,26.52
"Fred Hurvey",2022-04-06,2022-04-04,"FH-22-10118",37.1,13533.3333333333,300203344602.933,5.86
"Haskell",2022-04-06,2022-04-04,"HS-22-10119",37.05,12866.6666666667,521637316863.6,10.71
"John T. Hickerson",2022-04-06,2022-04-04,"JT-22-10117",37.6,2533.33333333333,67799248945.8667,7.07
"Roberto Bustamante",2022-04-06,2022-04-04,"RB-22-10120",37.05,8733.33333333334,876731656174.4,26.52
"Fred Hurvey",2022-04-13,2022-04-11,"FH-22-10471",34.3,52166.6666666667,1157187769220.67,5.86
"Haskell",2022-04-13,2022-04-11,"HS-22-10472",37,11200,454067716233.6,10.71
"John T. Hickerson",2022-04-13,2022-04-11,"JT-22-10470",38.35,3933.33333333333,105267254942.267,7.07
"Roberto Bustamante",2022-04-13,2022-04-11,"RB-22-10473",38.35,3933.33333333333,394863875681.6,26.52
"Fred Hurvey",2022-04-22,2022-04-18,"FH-22-10772",38.95,1900,42146774981.2,5.86
"Haskell",2022-04-22,2022-04-18,"HS-22-10773",36.45,11466.6666666667,464878852334.4,10.71
"John T. Hickerson",2022-04-22,2022-04-18,"JT-22-10771",37.9,5600,149872023985.6,7.07
"Roberto Bustamante",2022-04-22,2022-04-18,"RB-22-10774",36.4,11300,1134397066576.8,26.52
"Fred Hurvey",2022-04-27,2022-04-25,"FH-22-12093",34.8,38366.6666666667,851069087778.267,5.86
"Haskell",2022-04-27,2022-04-25,"HS-22-12094",35.75,25633.3333333333,1039220457689.4,10.71
"John T. Hickerson",2022-04-27,2022-04-25,"JT-22-12092",37.8,6033.33333333333,161469263936.867,7.07
"Roberto Bustamante",2022-04-27,2022-04-25,"RB-22-12095",37.65,6900,692684934458.4,26.52
"Fred Hurvey",2022-05-04,2022-05-02,"FH-22-12587",34.7,44100,978248829826.8,5.86
"Haskell",2022-05-04,2022-05-02,"HS-22-12588",36.15,17500,709480806615,10.71
"John T. Hickerson",2022-05-04,2022-05-02,"JT-22-12586",36.2,17100,457644930384.6,7.07
"Roberto Bustamante",2022-05-04,2022-05-02,"RB-22-12589",37.1,9000,903502088424,26.52
"Fred Hurvey",2022-05-11,2022-05-09,"FH-22-13169",35.9,17833.3333333333,395588151139.333,5.86
"Haskell",2022-05-11,2022-05-09,"HS-22-13170",33.3,113166.666666667,4587975882777,10.71
"John T. Hickerson",2022-05-11,2022-05-09,"JT-22-13168",33.4,101700,2721783007024.2,7.07
"Roberto Bustamante",2022-05-11,2022-05-09,"RB-22-13171",37.45,7400,742879494926.4,26.52
"Fred Hurvey",2022-05-18,2022-05-16,"FH-22-13981",35.05,29833.3333333333,661778308915.333,5.86
"Haskell",2022-05-18,2022-05-16,"HS-22-13982",36.15,13166.6666666667,533799844977,10.71
"John T. Hickerson",2022-05-18,2022-05-16,"JT-22-13980",34.65,41966.6666666667,1123148084511.13,7.07
"Roberto Bustamante",2022-05-18,2022-05-16,"RB-22-13983",34,59466.6666666667,5969806391660.8,26.52
"Fred Hurvey",2022-05-25,2022-05-23,"FH-22-14834",32,251333.333333333,5575204971197.33,5.86
"Haskell",2022-05-25,2022-05-23,"HS-22-14835",34.9,40700,1650049647384.6,10.71
"John T. Hickerson",2022-05-25,2022-05-23,"JT-22-14833",32.8,127600,3414941117957.6,7.07
"Roberto Bustamante",2022-05-25,2022-05-23,"RB-22-14836",32.45,169366.666666667,17002570782527.2,26.52
"Fred Hurvey",2022-06-01,2022-05-30,"FH-22-15316",32.55,160500,3560293360254,5.86
"Haskell",2022-06-01,2022-05-30,"HS-22-15317",31.75,290500,11777381389809,10.71
"John T. Hickerson",2022-06-01,2022-05-30,"JT-22-15315",33.3,93650,2506341972544.9,7.07
"Roberto Bustamante",2022-06-01,2022-05-30,"RB-22-15318",32.8,154000,15459924624144,26.52
"Fred Hurvey",2022-05-09,2022-05-09,NA,0,0,0,0
"Fred Hurvey",2022-05-16,2022-05-16,"FH-22-13981",0,29800,0,0
"Fred Hurvey",2022-05-23,2022-05-23,"FH-22-14834",0,251500,0,0
"Fred Hurvey",2022-05-30,2022-05-30,"FH-22-15316",0,160500,0,0
"Fred Hurvey",2022-06-06,2022-06-06,"FH-22-16021",0,118850,0,0
"Fred Hurvey",2022-06-13,2022-06-13,"FH-22-17202",0,241000,0,0
"Fred Hurvey",2022-06-20,2022-06-20,"FH-22-17674",0,275000,0,0
"Fred Hurvey",2022-06-27,2022-06-27,"FH-22-18443",0,184400,0,0
"Fred Hurvey",2022-07-04,2022-07-04,"FH-22-19328",0,191300,0,0
"Fred Hurvey",2022-07-11,2022-07-11,"FH-22-19911",0,2275000,0,0
"Fred Hurvey",2022-07-18,2022-07-18,"FH-22-20960",0,1725000,0,0
"Fred Hurvey",2022-07-25,2022-07-25,"22-21659",0,1222181.9971578,0,0
"Fred Hurvey",2022-08-01,2022-08-01,"FH-22-22421",0,723445.361908407,0,0
"Fred Hurvey",2022-08-08,2022-08-08,"22-23436",0,489476.287867066,0,0
"Fred Hurvey",2022-08-15,2022-08-15,"FH-22-24166",0,1165332.17447618,0,0
"Fred Hurvey",2022-08-22,2022-08-22,"FH-22-24933",0,361752.555253052,0,0
"Fred Hurvey",2022-08-29,2022-08-29,"FH-22-26074",0,378579.301347469,0,0
"Fred Hurvey",2022-09-05,2022-09-05,"22-26554",0,57037.286218117,0,0
"Fred Hurvey",2022-09-12,2022-09-12,"22-27750",0,71090.6276302147,0,0
"Fred Hurvey",2022-09-19,2022-09-19,"22-28141",0,241812.92385904,0,0
"Fred Hurvey",2022-09-26,2022-09-26,"22-28764",0,17451.9408538861,0,0
"Fred Hurvey",2022-10-03,2022-10-03,"22-30170",0,497741.496269265,0,0
"Fred Hurvey",2022-10-10,2022-10-10,"22-30708",0,49854.5923462733,0,0
"Fred Hurvey",2022-10-17,2022-10-17,"22-31391",0,45412.0648655222,0,0
"Fred Hurvey",2022-10-24,2022-10-24,"22-31958",0,203717.588773754,0,0
"Fred Hurvey",2022-10-31,2022-10-31,"22-32663",0,1231718.00298694,0,0
"Fred Hurvey",2022-11-07,2022-11-07,"22-34137",0,472095.646636116,0,0
"Fred Hurvey",2022-11-14,2022-11-14,"22-34137",0,1340864.31966053,0,0
"Fred Hurvey",2022-11-21,2022-11-21,"22-34993",0,4898860.27853127,0,0
"Fred Hurvey",2022-11-28,2022-11-28,"22-35722",0,418141.29186614,0,0
"Fred Hurvey",2022-12-05,2022-12-05,"RMLWN5",0,3841169.16228221,0,0
"Fred Hurvey",2022-12-06,2022-12-05,"22-33290",26.305,2855240.009,0,0
"Fred Hurvey",2022-12-12,2022-12-12,"CMRC6F",0,1963200.11867326,0,0
"Fred Hurvey",2022-12-13,2022-12-12,"22-36942",30.149,237977.3195,0,0
"Fred Hurvey",2022-12-20,2022-12-19,"22-37424",29.104,362532.365,0,0
"Fred Hurvey",2022-12-29,2022-12-26,"22-38241",28.342,629292.4205,0,0
"Fred Hurvey",2023-01-05,2023-01-02,"23-00034",30.4835,128429.9965,0,0
"Fred Hurvey",2023-01-10,2023-01-09,"23-00541",29.2635,316786.8925,0,0
"Fred Hurvey",2023-01-19,2023-01-16,"23-01849",28.489,564083.5145,0,0
"Fred Hurvey",2023-01-24,2023-01-23,"23-02026",22.3236666666667,17507.8486666667,0,0
"Fred Hurvey",2023-02-06,2023-02-06,"FH-23-03156",30.538,128624.7575,0,0
"Fred Hurvey",2023-02-13,2023-02-13,"FH-23-04337",29.165,342411.2355,0,0
"Fred Hurvey",2023-02-21,2023-02-20,"FH-23-05067",29.698,235113.428,0,0
"Fred Hurvey",2023-02-28,2023-02-27,"FH-23-05067",30.314,144871.1725,0,0
"Fred Hurvey",2023-03-06,2023-03-06,"FH-23-06953",0,0,0,0
"Fred Hurvey",2023-03-13,2023-03-13,"FH-23-08408",31.6635,53491.891,0,0
"Fred Hurvey",2023-03-21,2023-03-20,"FH-23-08698",30.8965,94029.118,0,0
"Fred Hurvey",2023-03-27,2023-03-27,"FH-23-09014",29.6505,238409.0615,0,0
"Fred Hurvey",2023-04-03,2023-04-03,"FH-23-09647",29.705,228901.561,0,0
"Fred Hurvey",2023-04-10,2023-04-10,"FH-23-10739",30.0855,171687.1705,0,0
"Fred Hurvey",2023-04-17,2023-04-17,"FH-23-11079",30.8445,97792.632,0,0
"Fred Hurvey",2023-04-24,2023-04-24,"FH-23-12486",29.053,369869.0825,0,0
"Fred Hurvey",2023-05-01,2023-05-01,"FH-23-13146",29.96,190800.1165,0,0
"Fred Hurvey",2023-05-08,2023-05-08,"FH-23-13833",31.585,56450.952,0,0
"Fred Hurvey",2023-05-15,2023-05-15,"FH-23-14763",30.8015,102002.431,0,0
"Fred Hurvey",2023-05-22,2023-05-22,"FH-23-15306",31.9645,44151.4815,0,0
"Fred Hurvey",2023-06-01,2023-05-29,"FH-23-16175",30.138,169904.8685,0,0
"Fred Hurvey",2023-06-07,2023-06-05,"FH-23-16175",30.4295,142290.9835,0,0
"Fred Hurvey",2023-06-13,2023-06-12,"FH-23-17937",32.1415,41159.675,0,0
"Fred Hurvey",2023-06-22,2023-06-19,"FH-23-19216",30.965,89932.605,0,0
"Fred Hurvey",2023-06-27,2023-06-26,"FH-23-19822",31.61375,66093.775,0,0
"Fred Hurvey",2023-07-06,2023-07-03,"FH-23-21083",31.6195,94309.2885,0,0
"Fred Hurvey",2023-07-11,2023-07-10,"FH-23-21472",31.831,67653.07625,0,0
"Fred Hurvey",2023-07-12,2023-07-10,"HW-2023-07-12",32.1415,41159.675,0,0
"Fred Hurvey",2023-07-18,2023-07-17,"FH-23-23421",30.395,148588.643,0,0
"Haskell",2022-05-09,2022-05-09,NA,0,0,0,0
"Haskell",2022-05-16,2022-05-16,"HS-22-13982",0,13165,0,0
"Haskell",2022-05-23,2022-05-23,"HS-22-14835",0,40700,0,0
"Haskell",2022-05-30,2022-05-30,"HS-22-15317",0,290500,0,0
"Haskell",2022-06-06,2022-06-06,"HS-22-16022",0,97100,0,0
"Haskell",2022-06-13,2022-06-13,"HS-22-17203",0,329500,0,0
"Haskell",2022-06-20,2022-06-20,"HS-22-17675",0,202800,0,0
"Haskell",2022-06-27,2022-06-27,"HS-22-18444",0,107900,0,0
"Haskell",2022-07-04,2022-07-04,NA,0,0,0,0
"Haskell",2022-07-11,2022-07-11,"HS-22-19912",0,1022000,0,0
"Haskell",2022-07-18,2022-07-18,"HS-22-20961",0,522500,0,0
"Haskell",2022-07-25,2022-07-25,"22-21660",0,316778.95755169,0,0
"Haskell",2022-08-01,2022-08-01,"HS-22-22422",0,115555.850299893,0,0
"Haskell",2022-08-08,2022-08-08,"22-23437",0,306754.534914517,0,0
"Haskell",2022-08-15,2022-08-15,"HS 22-24167",0,373252.862040032,0,0
"Haskell",2022-08-22,2022-08-22,"HS 22-24934",0,143531.730170982,0,0
"Haskell",2022-08-29,2022-08-29,"HS 22-26075",0,52398.1329584855,0,0
"Haskell",2022-09-05,2022-09-05,NA,0,0,0,0
"Haskell",2022-09-12,2022-09-12,"22-27751",0,123907.747794678,0,0
"Haskell",2022-09-19,2022-09-19,"22-28142",0,162464.086659162,0,0
"Haskell",2022-09-26,2022-09-26,"22-28765",0,937.7709479108,0,0
"Haskell",2022-10-03,2022-10-03,"22-30171",0,353586.265233505,0,0
"Haskell",2022-10-10,2022-10-10,"22-30709",0,5244.8222319233,0,0
"Haskell",2022-10-17,2022-10-17,"22-31392",0,47349.286081357,0,0
"Haskell",2022-10-24,2022-10-24,"22-31959",0,172643.24986179,0,0
"Haskell",2022-10-31,2022-10-31,"22-32664",0,274705.778169987,0,0
"Haskell",2022-11-07,2022-11-07,"22-34138",0,413499.28427333,0,0
"Haskell",2022-11-14,2022-11-14,"22-34138",0,1259012.3657144,0,0
"Haskell",2022-11-21,2022-11-21,"22-34994",0,971781.25253666,0,0
"Haskell",2022-11-28,2022-11-28,"22-35723",0,1086408.8377244,0,0
"Haskell",2022-12-05,2022-12-05,"FT3BFL",0,4823747.38330106,0,0
"Haskell",2022-12-06,2022-12-05,"22-33291",26.6115,2273638.937,0,0
"Haskell",2022-12-12,2022-12-12,"CQ3ANL",0,1199008.03644185,0,0
"Haskell",2022-12-13,2022-12-12,"22-36943",29.5925,247621.0155,0,0
"Haskell",2022-12-20,2022-12-19,"22-37425",29.8755,203943.6565,0,0
"Haskell",2022-12-29,2022-12-26,"22-38242",28.4215,591078.083,0,0
"Haskell",2023-01-05,2023-01-02,"23-00035",29.8795,200100.0265,0,0
"Haskell",2023-01-10,2023-01-09,"23-00542",30.727,112081.89,0,0
"Haskell",2023-01-19,2023-01-16,"23-01850",30.8075,101463.849,0,0
"Haskell",2023-01-24,2023-01-23,"23-02027",20.37,85077.947,0,0
"Haskell",2023-02-06,2023-02-06,"HS-23-03157",30.9355,91352.5385,0,0
"Haskell",2023-02-13,2023-02-13,"HS-23-04338",30.466,130091.3555,0,0
"Haskell",2023-02-21,2023-02-20,"HS-23-05068",30.199,157919.2835,0,0
"Haskell",2023-02-28,2023-02-27,"HS-23-05068",31.922,44599.5605,0,0
"Haskell",2023-03-06,2023-03-06,"HS-23-06954",34.8815,4938.0085,0,0
"Haskell",2023-03-13,2023-03-13,"HS-23-08409",35.842,2582.493,0,0
"Haskell",2023-03-21,2023-03-20,"HS-23-08699",31.259,71838.3815,0,0
"Haskell",2023-03-27,2023-03-27,"HS-23-09015",30.447,131298.762,0,0
"Haskell",2023-04-03,2023-04-03,"HS-23-09648",30.697,109328.2515,0,0
"Haskell",2023-04-10,2023-04-10,"HS-23-10740",30.144,164485.616,0,0
"Haskell",2023-04-17,2023-04-17,"HS-23-11080",31.2225,74693.988,0,0
"Haskell",2023-04-24,2023-04-24,"HS-23-12487",29.304,307216.5795,0,0
"Haskell",2023-05-01,2023-05-01,"HS-23-13147",29.365,293210.8165,0,0
"Haskell",2023-05-08,2023-05-08,"HS-23-13834",31.7955,49615.787,0,0
"Haskell",2023-05-15,2023-05-15,"HS-23-14764",31.8115,49071.47,0,0
"Haskell",2023-05-22,2023-05-22,"HS-23-15307",32.3075,33049.393,0,0
"Haskell",2023-06-01,2023-05-29,"HS-23-16176",31.1275,79182.303,0,0
"Haskell",2023-06-07,2023-06-05,"HS-23-16176",31.204,74930.47775,0,0
"Haskell",2023-06-13,2023-06-12,"HS-23-17938",31.391,65089.091,0,0
"Haskell",2023-06-22,2023-06-19,"HS-23-19217",33.201,16977.458,0,0
"Haskell",2023-06-27,2023-06-26,"HS-23-19823",34.031,12244.113,0,0
"Haskell",2023-06-29,2023-06-26,"BSR62823",31.8115,49071.47,0,0
"Haskell",2023-07-06,2023-07-03,"HS-23-21084",32.2675,47662.925,0,0
"Haskell",2023-07-11,2023-07-10,"HS-23-21473",31.60175,57417.775,0,0
"Haskell",2023-07-12,2023-07-10,"BTW-2023-07-12",31.391,65089.091,0,0
"Haskell",2023-07-18,2023-07-17,"HS-23-23422",32.335,32781.037,0,0
"John T. Hickerson",2022-05-09,2022-05-09,NA,0,0,0,0
"John T. Hickerson",2022-05-16,2022-05-16,"JT-22-13980",0,42000,0,0
"John T. Hickerson",2022-05-23,2022-05-23,"JT-22-14833",0,127500,0,0
"John T. Hickerson",2022-05-30,2022-05-30,"JT-22-15315",0,93650,0,0
"John T. Hickerson",2022-06-06,2022-06-06,"JT-22-16020",0,39950,0,0
"John T. Hickerson",2022-06-13,2022-06-13,"JT-22-17201",0,91600,0,0
"John T. Hickerson",2022-06-20,2022-06-20,"JT-22-17673",0,36785,0,0
"John T. Hickerson",2022-06-27,2022-06-27,"JT-22-18442",0,99950,0,0
"John T. Hickerson",2022-07-04,2022-07-04,"JT-22-19227",0,44600,0,0
"John T. Hickerson",2022-07-11,2022-07-11,"JT-22-19910",0,248000,0,0
"John T. Hickerson",2022-07-18,2022-07-18,"JT-22-20959",0,132150,0,0
"John T. Hickerson",2022-07-25,2022-07-25,"22-21658",0,118006.065394873,0,0
"John T. Hickerson",2022-08-01,2022-08-01,"JT-22-22420",0,125322.069077706,0,0
"John T. Hickerson",2022-08-08,2022-08-08,"22-23435",0,153931.21456743,0,0
"John T. Hickerson",2022-08-15,2022-08-15,"JT-22-24165",0,130202.639717773,0,0
"John T. Hickerson",2022-08-22,2022-08-22,"JT-22-24932",0,92173.5328447286,0,0
"John T. Hickerson",2022-08-29,2022-08-29,"JT-22-26073",0,25347.5038021124,0,0
"John T. Hickerson",2022-09-05,2022-09-05,NA,0,0,0,0
"John T. Hickerson",2022-09-12,2022-09-12,"22-27749",0,69537.2975994877,0,0
"John T. Hickerson",2022-09-19,2022-09-19,"22-28140",0,170124.838309685,0,0
"John T. Hickerson",2022-09-26,2022-09-26,"22-28763",0,0,0,0
"John T. Hickerson",2022-10-03,2022-10-03,"22-30169",0,206658.972452567,0,0
"John T. Hickerson",2022-10-10,2022-10-10,"22-30707",0,2532.93384141075,0,0
"John T. Hickerson",2022-10-17,2022-10-17,"22-31390",0,2295.91171841716,0,0
"John T. Hickerson",2022-10-24,2022-10-24,"22-31957",0,74121.8252399744,0,0
"John T. Hickerson",2022-10-31,2022-10-31,"22-32662",0,69192.8126084959,0,0
"John T. Hickerson",2022-11-07,2022-11-07,"22-34136",0,473952.052686732,0,0
"John T. Hickerson",2022-11-14,2022-11-14,"22-34136",0,853285.787100226,0,0
"John T. Hickerson",2022-11-21,2022-11-21,"22-34992",0,257875.851383165,0,0
"John T. Hickerson",2022-11-28,2022-11-28,"22-35721",0,731589.157865105,0,0
"John T. Hickerson",2022-12-05,2022-12-05,"M7MY28",0,2170301.61309036,0,0
"John T. Hickerson",2022-12-06,2022-12-05,"22-33289",27.3765,1284630.2895,0,0
"John T. Hickerson",2022-12-12,2022-12-12,"R68ZKY",0,306795.684906563,0,0
"John T. Hickerson",2022-12-13,2022-12-12,"22-36941",30.2955,198792.713,0,0
"John T. Hickerson",2022-12-20,2022-12-19,"22-37423",29.6935,229730.09,0,0
"John T. Hickerson",2022-12-29,2022-12-26,"22-38240",28.624,509647.969,0,0
"John T. Hickerson",2023-01-05,2023-01-02,"23-00033",31.95,43002.282,0,0
"John T. Hickerson",2023-01-10,2023-01-09,"23-00540",34.0085,11908.979,0,0
"John T. Hickerson",2023-01-19,2023-01-16,"23-01848",32.4335,30520.0905,0,0
"John T. Hickerson",2023-01-24,2023-01-23,"23-02025",21.236,32536.5443333333,0,0
"John T. Hickerson",2023-02-06,2023-02-06,"JT-23-03155",30.142,164690.061,0,0
"John T. Hickerson",2023-02-13,2023-02-13,"JT-23-04336",30.555,121113.654,0,0
"John T. Hickerson",2023-02-21,2023-02-20,"JT-23-05066",30.999,87494.771,0,0
"John T. Hickerson",2023-02-28,2023-02-27,"JT-23-05066",37.244,1953.194,0,0
"John T. Hickerson",2023-03-06,2023-03-06,"JT-23-06952",0,0,0,0
"John T. Hickerson",2023-03-13,2023-03-13,"JT-23-08407",0,0,0,0
"John T. Hickerson",2023-03-20,2023-03-20,"JT-23-08697",31.096,82259.23,0,0
"John T. Hickerson",2023-03-27,2023-03-27,"JT-23-09013",31.103,80683.038,0,0
"John T. Hickerson",2023-04-03,2023-04-03,"JT-23-09646",34.4425,6789.654,0,0
"John T. Hickerson",2023-04-10,2023-04-10,"JT-23-10738",30.0955,170754.5275,0,0
"John T. Hickerson",2023-04-17,2023-04-17,"JT-23-11078",30.9885,88711.5365,0,0
"John T. Hickerson",2023-04-24,2023-04-24,"JT-23-12485",29.3335,309040.7735,0,0
"John T. Hickerson",2023-05-01,2023-05-01,"JT-23-13145",30.3775,138224.886,0,0
"John T. Hickerson",2023-05-08,2023-05-08,"JT-23-13832",31.967,42582.6615,0,0
"John T. Hickerson",2023-05-15,2023-05-15,"JT-23-14762",31.378,67178.8185,0,0
"John T. Hickerson",2023-05-22,2023-05-22,"JT-23-15305",32.7595,23601.9715,0,0
"John T. Hickerson",2023-06-01,2023-05-29,"JT-23-16174",30.3545,140675.6035,0,0
"John T. Hickerson",2023-06-07,2023-06-05,"JT-23-16174",30.972,99612.30825,0,0
"John T. Hickerson",2023-06-13,2023-06-12,"JT-23-17936",33.7575,11235.257,0,0
"John T. Hickerson",2023-06-22,2023-06-19,"JT-23-19215",31.359,70371.208,0,0
"John T. Hickerson",2023-06-27,2023-06-26,"JT-23-19821",31.96425,47355.522,0,0
"John T. Hickerson",2023-07-06,2023-07-03,"JT-23-21082",30.96825,98586.684,0,0
"John T. Hickerson",2023-07-11,2023-07-10,"HO-23-07-11",31.917,46665.2635,0,0
"John T. Hickerson",2023-07-12,2023-07-10,"Fon-2023-07-12",33.7575,11235.257,0,0
"John T. Hickerson",2023-07-18,2023-07-17,"JT-23-23420",30.1835,162224.65,0,0
"Roberto Bustamante",2022-05-09,2022-05-09,NA,0,0,0,0
"Roberto Bustamante",2022-05-16,2022-05-16,"RB-22-13983",0,59500,0,0
"Roberto Bustamante",2022-05-23,2022-05-23,"RB-22-14836",0,169000,0,0
"Roberto Bustamante",2022-05-30,2022-05-30,"RB-22-15318",0,154000,0,0
"Roberto Bustamante",2022-06-06,2022-06-06,"RB-22-16023",0,46735,0,0
"Roberto Bustamante",2022-06-13,2022-06-13,"RB-22-17204",0,354500,0,0
"Roberto Bustamante",2022-06-20,2022-06-20,"RB-22-17676",0,314500,0,0
"Roberto Bustamante",2022-06-27,2022-06-27,"RB-22-18445",0,222800,0,0
"Roberto Bustamante",2022-07-04,2022-07-04,"RB-22-19329",0,66565,0,0
"Roberto Bustamante",2022-07-11,2022-07-11,"RB-22-19913",0,3520000,0,0
"Roberto Bustamante",2022-07-18,2022-07-18,"RB-22-20962",0,4055000,0,0
"Roberto Bustamante",2022-07-25,2022-07-25,"22-21661",0,2055617.63045119,0,0
"Roberto Bustamante",2022-08-01,2022-08-01,"RB-22-22423",0,777292.779779459,0,0
"Roberto Bustamante",2022-08-08,2022-08-08,"22-23438",0,728081.250470489,0,0
"Roberto Bustamante",2022-08-15,2022-08-15,"RB 22-24168",0,2051061.61308447,0,0
"Roberto Bustamante",2022-08-22,2022-08-22,"RB 22-24935",0,556264.921657015,0,0
"Roberto Bustamante",2022-08-29,2022-08-29,"RB 22-26076",0,341818.856158566,0,0
"Roberto Bustamante",2022-09-05,2022-09-05,"22-26556",0,78820.0533266394,0,0
"Roberto Bustamante",2022-09-12,2022-09-12,"22-27752",0,132432.638171541,0,0
"Roberto Bustamante",2022-09-19,2022-09-19,"22-28143",0,230397.906038058,0,0
"Roberto Bustamante",2022-09-26,2022-09-26,"22-28766",0,3751.68015864989,0,0
"Roberto Bustamante",2022-10-03,2022-10-03,"22-30172",0,434503.618076794,0,0
"Roberto Bustamante",2022-10-10,2022-10-10,"22-30710",0,72863.0177901322,0,0
"Roberto Bustamante",2022-10-17,2022-10-17,"22-31393",0,15545.4468993726,0,0
"Roberto Bustamante",2022-10-24,2022-10-24,"22-31960",0,340211.973158258,0,0
"Roberto Bustamante",2022-10-31,2022-10-31,"22-32665",0,613981.410603711,0,0
"Roberto Bustamante",2022-11-07,2022-11-07,"22-34139",0,211707.169899819,0,0
"Roberto Bustamante",2022-11-14,2022-11-14,"22-34139",0,2215550.2705601,0,0
"Roberto Bustamante",2022-11-21,2022-11-21,"22-34995",0,2349074.48727243,0,0
"Roberto Bustamante",2022-11-28,2022-11-28,"22-35724",0,1696495.24992678,0,0
"Roberto Bustamante",2022-12-05,2022-12-05,"JXNFZ4",0,5936194.86228089,0,0
"Roberto Bustamante",2022-12-06,2022-12-05,"22-33292",26.0235,3513712.4155,0,0
"Roberto Bustamante",2022-12-12,2022-12-12,"WGNCSH",0,881054.738913193,0,0
"Roberto Bustamante",2022-12-20,2022-12-19,"22-37426",28.361,618278.1175,0,0
"Roberto Bustamante",2022-12-29,2022-12-26,"22-38243",28.2765,658195.642,0,0
"Roberto Bustamante",2023-01-05,2023-01-02,"23-00036",29.8085,213055.6875,0,0
"Roberto Bustamante",2023-01-10,2023-01-09,"23-00543",29.2295,326272.345,0,0
"Roberto Bustamante",2023-01-19,2023-01-16,"23-01851",28.955,398132.4255,0,0
"Roberto Bustamante",2023-01-24,2023-01-23,"23-02028",30.804,101066.11175,0,0
"Roberto Bustamante",2023-02-06,2023-02-06,"RB-23-03158",29.398,287240.549,0,0
"Roberto Bustamante",2023-02-13,2023-02-13,"RB-23-04339",30.1875,159198.961,0,0
"Roberto Bustamante",2023-02-21,2023-02-20,"RB-23-0506",29.768,217409.549,0,0
"Roberto Bustamante",2023-03-01,2023-02-27,"RB-23-0506",33.106,18913.3505,0,0
"Roberto Bustamante",2023-03-06,2023-03-06,"RB-23-06955",0,0,0,0
"Roberto Bustamante",2023-03-13,2023-03-13,"RB-23-08410",31.564,57626.398,0,0
"Roberto Bustamante",2023-03-21,2023-03-20,"RB-23-08700",30.066,174258.628,0,0
"Roberto Bustamante",2023-03-27,2023-03-27,"RB-23-09016",30.662,113114.5455,0,0
"Roberto Bustamante",2023-04-03,2023-04-03,"RB-23-09649",29.286,311239.6145,0,0
"Roberto Bustamante",2023-04-10,2023-04-10,"RB-23-10741",29.586,248841.349,0,0
"Roberto Bustamante",2023-04-17,2023-04-17,"RB-23-11081",30.779,102638.406,0,0
"Roberto Bustamante",2023-04-24,2023-04-24,"RB-23-12488",28.4765,568861.9425,0,0
"Roberto Bustamante",2023-05-01,2023-05-01,"RB-23-13148",30.061,179032.0015,0,0
"Roberto Bustamante",2023-05-08,2023-05-08,"RB-23-13835",31.691,52269.4825,0,0
"Roberto Bustamante",2023-05-15,2023-05-15,"RB-23-14765",30.315,145591.361,0,0
"Roberto Bustamante",2023-05-22,2023-05-22,"RB-23-15308",32.0425,40517.7255,0,0
"Roberto Bustamante",2023-06-01,2023-05-29,"RB-23-16177",30.02,181253.812,0,0
"Roberto Bustamante",2023-06-07,2023-06-05,"RB-23-16177",30.244,155424.396,0,0
"Roberto Bustamante",2023-06-13,2023-06-12,"RB-23-17939",36.5965,1760.617,0,0
"Roberto Bustamante",2023-06-22,2023-06-19,"RB-23-19218",31.0945,81441.315,0,0
"Roberto Bustamante",2023-06-27,2023-06-26,"RB-23-19824",33.3455,15514.352,0,0
"Roberto Bustamante",2023-06-29,2023-06-26,"SABIB62823",30.315,145591.361,0,0
"Roberto Bustamante",2023-07-06,2023-07-03,"BSR3823",30.783,119681.619,0,0
"Roberto Bustamante",2023-07-11,2023-07-10,"RB-23-21474",31.4485,62583.905,0,0
"Roberto Bustamante",2023-07-12,2023-07-10,"BTC-2023-07-12",30.468,129594.98,0,0
"Roberto Bustamante",2023-07-18,2023-07-17,"RB-23-23423",31.7045,51955.6305,0,0
